sample_number,x_raw,y_raw,host_time_s
380673,1885,4093,214783.5397548
380674,1884,4095,214783.559408
380675,1886,4095,214783.5791263
380676,1886,4094,214783.5988651
380677,1884,4093,214783.619388
380678,1884,4095,214783.6385618
380679,1884,4095,214783.6594459
380680,1884,4095,214783.6778963
380681,1885,4095,214783.6979486
380682,1885,4093,214783.7174778
380683,1884,4095,214783.7371402
380684,1885,4095,214783.757354
380685,1884,4095,214783.776691
380686,1884,4093,214783.7965066
380687,1885,4095,214783.8161677
380688,1884,4093,214783.8361145
380689,1884,4093,214783.8556689
380690,1884,4093,214783.8754514
380691,1884,4093,214783.8951677
380692,1884,4095,214783.9149606
380693,1884,4095,214783.9347302
380694,1884,4095,214783.9544582
380695,1884,4095,214783.9743711
380696,1884,4093,214783.9940636
380697,1884,4095,214784.0137035
380698,1885,4095,214784.0335889
380699,1884,4095,214784.0534485
380700,1884,4093,214784.0729873
380701,1884,4095,214784.0927453
380702,1884,4095,214784.1124976
380703,1885,4095,214784.1334796
380704,1884,4092,214784.1526935
380705,1885,4094,214784.1717459
380706,1883,4094,214784.1918964
380707,1885,4095,214784.2113508
380708,1885,4094,214784.2310101
380709,1884,4095,214784.2507651
380710,1885,4095,214784.2705485
380711,1885,4095,214784.290521
380712,1884,4095,214784.3100727
380713,1884,4094,214784.3299538
380714,1884,4095,214784.349555
380715,1884,4093,214784.3712535
380716,1884,4093,214784.3890777
380717,1885,4095,214784.4088342
380718,1884,4095,214784.4286346
380719,1886,4095,214784.4483591
380720,1885,4095,214784.4680868
380721,1884,4095,214784.4888251
380722,1884,4093,214784.5076752
380723,1883,4093,214784.5274243
380724,1884,4095,214784.5471748
380725,1884,4093,214784.5669662
380726,1883,4093,214784.5866028
380727,1885,4094,214784.6066345
380728,1885,4095,214784.6264193
380729,1884,4095,214784.6459993
380730,1885,4094,214784.6656464
380731,1884,4095,214784.685463
380732,1884,4093,214784.7057927
380733,1884,4095,214784.7249931
380734,1883,4095,214784.7449287
380735,1884,4095,214784.7645456
380736,1883,4095,214784.7844413
380737,1884,4095,214784.8039293
380738,1884,4095,214784.8237739
380739,1884,4094,214784.8437627
380740,1884,4095,214784.8637102
380741,1884,4093,214784.8829791
380742,1883,4095,214784.9028581
380743,1884,4093,214784.922654
380744,1885,4092,214784.9422963
380745,1884,4094,214784.9621305
380746,1882,4093,214784.9820723
380747,1884,4095,214785.0016492
380748,1884,4093,214785.0213482
380749,1885,4094,214785.0410474
380750,1883,4095,214785.0607916
380751,1884,4095,214785.0805463
380752,1884,4093,214785.1005191
380753,1884,4095,214785.1200183
380754,1884,4095,214785.1398225
380755,1884,4095,214785.1596018
380756,1884,4093,214785.1793968
380757,1885,4095,214785.1990935
380758,1884,4093,214785.2190503
380759,1884,4095,214785.2386173
380760,1884,4093,214785.2584436
380761,1884,4095,214785.2780994
380762,1884,4095,214785.2978564
380763,1885,4093,214785.3176227
380764,1884,4095,214785.337567
380765,1885,4095,214785.3571648
380766,1883,4093,214785.3768728
380767,1885,4095,214785.3966595
380768,1884,4095,214785.4163757
380769,1884,4095,214785.436153
380770,1884,4094,214785.4559166
380771,1883,4095,214785.4757689
380772,1882,4093,214785.4955548
380773,1884,4095,214785.5153833
380774,1882,4095,214785.5349215
380775,1884,4095,214785.5552264
380776,1884,4095,214785.5745751
380777,1884,4095,214785.5944637
380778,1884,4095,214785.6143434
380779,1885,4095,214785.6337513
380780,1884,4094,214785.6536603
380781,1884,4095,214785.6734397
380782,1884,4095,214785.6934258
380783,1884,4095,214785.7134078
380784,1884,4095,214785.7324488
380785,1884,4094,214785.7529119
380786,1885,4095,214785.7720953
380787,1884,4095,214785.7920566
380788,1884,4094,214785.8118105
380789,1884,4093,214785.8314886
380790,1884,4095,214785.8509713
380791,1885,4093,214785.8707229
380792,1885,4093,214785.8905189
380793,1884,4095,214785.9105372
380794,1884,4095,214785.9300246
380795,1884,4094,214785.9497781
380796,1884,4095,214785.9696614
380797,1884,4095,214785.9894358
380798,1883,4095,214786.0093912
380799,1884,4094,214786.0294606
380800,1884,4095,214786.0487222
380801,1883,4093,214786.0683797
380802,1883,4095,214786.0881642
380803,1882,4093,214786.1079192
380804,1884,4093,214786.1280041
380805,1883,4095,214786.1474007
380806,1884,4095,214786.1670952
380807,1884,4093,214786.1868627
380808,1885,4093,214786.2067314
380809,1884,4095,214786.2264016
380810,1885,4093,214786.2461861
380811,1884,4093,214786.2659129
380812,1884,4094,214786.285811
380813,1882,4093,214786.30539
380814,1884,4093,214786.3251786
380815,1884,4094,214786.3449234
380816,1884,4095,214786.3646894
380817,1884,4095,214786.3844006
380818,1885,4095,214786.4043421
380819,1884,4095,214786.4243133
380820,1884,4095,214786.4439256
380821,1885,4095,214786.4634385
380822,1884,4095,214786.4831707
380823,1884,4095,214786.5034098
380824,1884,4094,214786.5232072
380825,1882,4093,214786.5424403
380826,1884,4095,214786.5622314
380827,1885,4095,214786.583067
380828,1884,4093,214786.6017668
380829,1884,4095,214786.6217717
380830,1884,4093,214786.6412406
380831,1885,4095,214786.6610524
380832,1885,4095,214786.6807525
380833,1884,4095,214786.7004763
380834,1884,4095,214786.7204394
380835,1884,4093,214786.7407836
380836,1884,4093,214786.7599888
380837,1884,4095,214786.779513
380838,1882,4093,214786.799336
380839,1884,4092,214786.8189837
380840,1884,4093,214786.838818
380841,1884,4093,214786.8587729
380842,1884,4095,214786.878399
380843,1884,4094,214786.8982984
380844,1884,4094,214786.9178749
380845,1884,4093,214786.9376016
380846,1883,4093,214786.9575404
380847,1884,4092,214786.977168
380848,1884,4093,214786.9969599
380849,1884,4095,214787.0166302
380850,1884,4095,214787.0365595
380851,1884,4093,214787.0561847
380852,1884,4095,214787.0758923
380853,1885,4095,214787.0955917
380854,1884,4093,214787.1170396
380855,1884,4095,214787.1352181
380856,1885,4093,214787.1549338
380857,1884,4095,214787.1747203
380858,1883,4093,214787.1944277
380859,1883,4093,214787.2141813
380860,1883,4095,214787.233917
380861,1884,4093,214787.2536632
380862,1884,4095,214787.2744298
380863,1885,4093,214787.2932612
380864,1882,4094,214787.312963
380865,1884,4095,214787.3328795
380866,1884,4093,214787.3537402
380867,1884,4094,214787.372213
380868,1884,4093,214787.3920581
380869,1884,4095,214787.41217
380870,1885,4095,214787.432679
380871,1884,4095,214787.4512439
380872,1884,4093,214787.4710638
380873,1884,4095,214787.4909463
380874,1885,4093,214787.5104985
380875,1885,4093,214787.5303243
380876,1885,4095,214787.5499854
380877,1884,4095,214787.5699893
380878,1884,4093,214787.590955
380879,1884,4093,214787.6093222
380880,1884,4095,214787.6289802
380881,1883,4095,214787.6490794
380882,1885,4094,214787.6685677
380883,1884,4093,214787.6883436
380884,1884,4095,214787.7080266
380885,1885,4093,214787.7279362
380886,1884,4093,214787.7475545
380887,1884,4095,214787.7673729
380888,1884,4095,214787.7870675
380889,1884,4093,214787.806839
380890,1883,4095,214787.826542
380891,1886,4095,214787.8463553
380892,1884,4095,214787.8662026
380893,1885,4095,214787.8858405
380894,1884,4095,214787.9055889
380895,1884,4095,214787.9253488
380896,1885,4095,214787.9456398
380897,1884,4093,214787.9648294
380898,1884,4095,214787.9848078
380899,1884,4093,214788.0044656
380900,1884,4094,214788.0241411
380901,1884,4095,214788.0438877
380902,1884,4095,214788.0636507
380903,1884,4095,214788.083366
380904,1882,4094,214788.1037825
380905,1884,4094,214788.1228697
380906,1883,4095,214788.1430752
380907,1884,4095,214788.1624279
380908,1883,4093,214788.1822591
380909,1885,4095,214788.2020579
380910,1884,4095,214788.2218022
380911,1885,4093,214788.2415653
380912,1885,4093,214788.261231
380913,1884,4094,214788.2810437
380914,1884,4095,214788.3008311
380915,1885,4095,214788.3204806
380916,1884,4095,214788.3402579
380917,1884,4095,214788.3599922
380918,1884,4095,214788.3797031
380919,1884,4095,214788.3994879
380920,1884,4093,214788.4195068
380921,1884,4095,214788.4389699
380922,1884,4095,214788.4588446
380923,1884,4095,214788.4785006
380924,1883,4093,214788.4983269
380925,1883,4095,214788.5180034
380926,1884,4093,214788.5378368
380927,1884,4093,214788.5582314
380928,1884,4095,214788.5772763
380929,1884,4093,214788.5970049
380930,1884,4095,214788.6175063
380931,1884,4094,214788.6365368
380932,1884,4093,214788.6589602
380933,1885,4094,214788.6760646
380934,1884,4094,214788.6957988
380935,1884,4094,214788.7155489
380936,1882,4094,214788.7352946
380937,1884,4095,214788.7550513
380938,1883,4095,214788.7783502
380939,1884,4094,214788.7947847
380940,1884,4095,214788.8143099
380941,1884,4094,214788.8342752
380942,1885,4093,214788.8541125
380943,1884,4095,214788.8740607
380944,1885,4095,214788.8934723
380945,1884,4095,214788.9136493
380946,1884,4093,214788.9331922
380947,1884,4093,214788.9527458
380948,1884,4095,214788.9724264
380949,1884,4093,214788.9922493
380950,1884,4095,214789.0119323
380951,1885,4094,214789.0315967
380952,1886,4094,214789.0513735
380953,1884,4095,214789.0711195
380954,1884,4095,214789.0911634
380955,1884,4093,214789.1110946
380956,1884,4093,214789.1304964
380957,1884,4095,214789.1501758
380958,1884,4095,214789.1699032
380959,1884,4095,214789.1897071
380960,1884,4094,214789.2097495
380961,1884,4093,214789.2297699
380962,1884,4094,214789.2492337
380963,1884,4093,214789.2686872
380964,1884,4095,214789.2884471
380965,1884,4095,214789.3082009
380966,1883,4094,214789.327955
380967,1884,4095,214789.3477324
380968,1884,4093,214789.3674817
380969,1883,4095,214789.387196
380970,1884,4093,214789.4071147
380971,1884,4093,214789.4267294
380972,1883,4093,214789.4465469
